{
  "feature_names": [
    "Gender",
    "Age",
    "Height",
    "Weight",
    "family_history_with_overweight",
    "FAVC",
    "FCVC",
    "NCP",
    "CAEC",
    "SMOKE",
    "CH2O",
    "SCC",
    "FAF",
    "TUE",
    "CALC",
    "MTRANS"
  ],
  "target_classes": [
    "Insufficient_Weight",
    "Normal_Weight",
    "Obesity_Type_I",
    "Obesity_Type_II",
    "Obesity_Type_III",
    "Overweight_Level_I",
    "Overweight_Level_II"
  ],
  "class_mapping": {
    "Insufficient_Weight": 0,
    "Normal_Weight": 1,
    "Obesity_Type_I": 2,
    "Obesity_Type_II": 3,
    "Obesity_Type_III": 4,
    "Overweight_Level_I": 5,
    "Overweight_Level_II": 6
  },
  "cat_maps": {
    "Gender": {
      "Female": 0,
      "Male": 1
    },
    "family_history_with_overweight": {
      "no": 0,
      "yes": 1
    },
    "FAVC": {
      "no": 0,
      "yes": 1
    },
    "CAEC": {
      "Always": 0,
      "Frequently": 1,
      "Sometimes": 2,
      "no": 3
    },
    "SMOKE": {
      "no": 0,
      "yes": 1
    },
    "SCC": {
      "no": 0,
      "yes": 1
    },
    "CALC": {
      "Always": 0,
      "Frequently": 1,
      "Sometimes": 2,
      "no": 3
    },
    "MTRANS": {
      "Automobile": 0,
      "Bike": 1,
      "Motorbike": 2,
      "Public_Transportation": 3,
      "Walking": 4
    }
  },
  "scaler_mean": [
    0.5084631008801624,
    24.307881836154362,
    1.702446702098849,
    86.6624929519296,
    0.8199052132701422,
    0.8815165876777251,
    2.428297933649289,
    2.6850674942450916,
    1.8612051455653351,
    0.023019634394041977,
    2.0209511401489504,
    0.04468517264725796,
    1.0119582958700069,
    0.6648710832769127,
    2.268788083953961,
    2.3581584292484767
  ],
  "scaler_scale": [
    0.4999283707927488,
    6.293134204517153,
    0.0942422168465507,
    26.051307401949888,
    0.3842663848459618,
    0.3231796610660156,
    0.5277219116640388,
    0.7753579010189986,
    0.4600101959666687,
    0.1499657655146888,
    0.6054677736127702,
    0.20661173246634063,
    0.8437029639342666,
    0.6003257931832368,
    0.5179846960500833,
    1.2655356018158783
  ],
  "train_size": 1477,
  "test_size": 634,
  "metrics": {
    "logistic_regression": {
      "accuracy": 0.9258675078864353,
      "precision": 0.9264206711624411,
      "recall": 0.9258675078864353,
      "f1_score": 0.9257220388921249
    },
    "neural_network": {
      "accuracy": 0.9290220820189274,
      "precision": 0.9300156380262192,
      "recall": 0.9290220820189274,
      "f1_score": 0.929340049466779
    }
  },
  "confusion_matrices": {
    "logistic_regression": [
      [
        82,
        0,
        0,
        0,
        0,
        0,
        0
      ],
      [
        5,
        73,
        0,
        0,
        0,
        8,
        0
      ],
      [
        0,
        0,
        97,
        2,
        0,
        0,
        7
      ],
      [
        0,
        0,
        1,
        88,
        0,
        0,
        0
      ],
      [
        0,
        0,
        0,
        1,
        96,
        0,
        0
      ],
      [
        0,
        8,
        0,
        0,
        0,
        74,
        5
      ],
      [
        0,
        0,
        2,
        1,
        0,
        7,
        77
      ]
    ],
    "neural_network": [
      [
        78,
        4,
        0,
        0,
        0,
        0,
        0
      ],
      [
        4,
        72,
        0,
        0,
        0,
        9,
        1
      ],
      [
        0,
        0,
        100,
        1,
        0,
        0,
        5
      ],
      [
        0,
        0,
        1,
        88,
        0,
        0,
        0
      ],
      [
        0,
        0,
        0,
        1,
        96,
        0,
        0
      ],
      [
        0,
        8,
        0,
        0,
        0,
        76,
        3
      ],
      [
        0,
        0,
        1,
        0,
        0,
        7,
        79
      ]
    ]
  }
}