{"coef": [0.3934370692385172, 0.8759027218667123, -0.010661163494807693, 0.1745542171237029, 0.6845872056276885, 0.5155372851246691, 0.1483766536146338, 0.10775486565690137], "intercept": -0.865713305453748, "scaler_mean": [3.88268156424581, 121.56983240223464, 72.23370577281192, 28.878957169459962, 138.93482309124767, 32.59869646182493, 0.4805288640595905, 33.5512104283054], "scaler_std": [3.3469764388491465, 29.9456251887002, 12.184141165903908, 8.356481690853046, 82.56865230915012, 6.730329513368298, 0.3349411849829437, 11.783651973905455]}