{
  "name": "Logistic Regression",
  "type": "LogisticRegression",
  "feature_names": [
    "Gender",
    "Age",
    "Height",
    "Weight",
    "family_history_with_overweight",
    "FAVC",
    "FCVC",
    "NCP",
    "CAEC",
    "SMOKE",
    "CH2O",
    "SCC",
    "FAF",
    "TUE",
    "CALC",
    "MTRANS"
  ],
  "n_features": 16,
  "target_classes": [
    "Insufficient_Weight",
    "Normal_Weight",
    "Obesity_Type_I",
    "Obesity_Type_II",
    "Obesity_Type_III",
    "Overweight_Level_I",
    "Overweight_Level_II"
  ],
  "n_classes": 7,
  "scaler": {
    "mean": [
      0.5084631008801624,
      24.307881836154362,
      1.702446702098849,
      86.6624929519296,
      0.8199052132701422,
      0.8815165876777251,
      2.428297933649289,
      2.6850674942450916,
      1.8612051455653351,
      0.023019634394041977,
      2.0209511401489504,
      0.04468517264725796,
      1.0119582958700069,
      0.6648710832769127,
      2.268788083953961,
      2.3581584292484767
    ],
    "scale": [
      0.4999283707927488,
      6.293134204517153,
      0.0942422168465507,
      26.051307401949888,
      0.3842663848459618,
      0.3231796610660156,
      0.5277219116640388,
      0.7753579010189986,
      0.4600101959666687,
      0.1499657655146888,
      0.6054677736127702,
      0.20661173246634063,
      0.8437029639342666,
      0.6003257931832368,
      0.5179846960500833,
      1.2655356018158783
    ]
  },
  "coefficients": [
    [
      0.7037032484348008,
      -1.2959562299972291,
      8.069394689211714,
      -31.22078636332723,
      -0.709958933518267,
      -0.360915437549372,
      -0.1307364378138585,
      0.02188510377717957,
      -0.7480681232417168,
      -0.1894546593536652,
      0.10635952989542215,
      -0.03327974757756495,
      0.23158436510992456,
      0.017882025314427095,
      0.24834242048153057,
      -0.27521909579898535
    ],
    [
      1.0072947352547859,
      -0.7654744795744449,
      4.828370005857844,
      -17.483394583583934,
      -0.6314485933561002,
      -0.2804624651120908,
      -0.5303934061139803,
      -0.17795146621309657,
      -0.7771516087281853,
      -0.008331821865309293,
      -0.11478871409509082,
      0.010225943437252288,
      0.34247046202185494,
      -0.11593879994835635,
      0.17970953559246128,
      -0.3547593084722631
    ],
    [
      0.23678236104387806,
      -0.2683486919988912,
      -4.4022640668426005,
      12.40338733279975,
      0.34576865668083406,
      0.7716905291940235,
      -0.8498128102063822,
      -0.42491704523920354,
      0.23477776167488187,
      0.19213336279623255,
      0.21067126927999016,
      -0.10595405741860466,
      0.33944109360046854,
      0.22548583833042374,
      0.12678434975527822,
      -0.33698130151888067
    ],
    [
      2.3759419428619313,
      1.9211316830612752,
      -7.11056013408123,
      23.57312756480052,
      -0.41810583646810917,
      -0.25195456575743486,
      -0.8000032420848266,
      -0.48724355214532333,
      0.3910115198685544,
      0.020814278115968123,
      -0.6256141143777277,
      0.18333880079774315,
      -0.36944835226199213,
      -0.03477004363527397,
      0.5206635335281822,
      0.6052888761472314
    ],
    [
      -5.961586356956614,
      0.8898270590678912,
      -3.003884464513631,
      18.19790903225134,
      1.4242466837460321,
      0.19900230073144878,
      3.744800347310556,
      1.7978799474595204,
      1.059686840655551,
      0.18166832224923388,
      0.3271228495408645,
      -0.47199122112771114,
      -0.5621330820458769,
      -0.3363902126434423,
      -1.1662044965336311,
      1.0950380095292018
    ],
    [
      0.568878523640044,
      -0.5792663742036485,
      2.271425600795271,
      -7.510079827108771,
      -0.3813275079228362,
      0.26796464145280074,
      -0.8044508719541845,
      -0.2806530667397217,
      -0.10556490827440546,
      -0.11269927378546686,
      0.09151403334585939,
      0.24821457908947414,
      0.055669316352624724,
      -0.043635040159737015,
      -0.10353499476331318,
      -0.5123795572613127
    ],
    [
      1.068985545721157,
      0.09808703364501598,
      -0.6524816304272323,
      2.039836844167953,
      0.3708255308384623,
      -0.3453250029593662,
      -0.6294035791373549,
      -0.4489999208993018,
      -0.0546914819545921,
      -0.08413020815703637,
      0.00473514641068299,
      0.16944570279932994,
      -0.03758380277698612,
      0.2873662327419401,
      0.19423965193949697,
      -0.2209876226249617
    ]
  ],
  "intercept": [
    -17.24509449402899,
    -0.31591094993769714,
    8.1974259550828,
    -0.8052938315356007,
    -4.07767662103869,
    5.7838992393661135,
    8.462650702092029
  ]
}